时间,标题,价格

2019-10-25 15:13:41,飞利浦（PHILIPS） 电动牙刷成人声波震动牙刷多种清洁模式 两种智能清洁模式- HX6761/03 樱花粉,349.0

2019-10-29 10:22:20,飞利浦（PHILIPS） 电动牙刷成人声波震动牙刷多种清洁模式 两种智能清洁模式- HX6761/03 樱花粉,349.0
2019-10-29 17:28:45,飞利浦（PHILIPS） 电动牙刷成人声波震动牙刷多种清洁模式 两种智能清洁模式- HX6761/03 樱花粉,349.0
2019-10-29 17:58:44,飞利浦（PHILIPS） 电动牙刷成人声波震动牙刷多种清洁模式 两种智能清洁模式- HX6761/03 樱花粉,349.0
2019-10-29 18:28:45,飞利浦（PHILIPS） 电动牙刷成人声波震动牙刷多种清洁模式 两种智能清洁模式- HX6761/03 樱花粉,349.0
2019-10-29 18:58:44,飞利浦（PHILIPS） 电动牙刷成人声波震动牙刷多种清洁模式 两种智能清洁模式- HX6761/03 樱花粉,349.0
2019-10-29 19:28:44,飞利浦（PHILIPS） 电动牙刷成人声波震动牙刷多种清洁模式 两种智能清洁模式- HX6761/03 樱花粉,349.0
2019-10-29 19:58:44,飞利浦（PHILIPS） 电动牙刷成人声波震动牙刷多种清洁模式 两种智能清洁模式- HX6761/03 樱花粉,349.0
2019-10-29 20:28:45,飞利浦（PHILIPS） 电动牙刷成人声波震动牙刷多种清洁模式 两种智能清洁模式- HX6761/03 樱花粉,349.0
2019-10-30 09:28:46,飞利浦（PHILIPS） 电动牙刷成人声波震动牙刷多种清洁模式 两种智能清洁模式- HX6761/03 樱花粉,349.0
2019-10-30 09:58:45,飞利浦（PHILIPS） 电动牙刷成人声波震动牙刷多种清洁模式 两种智能清洁模式- HX6761/03 樱花粉,349.0
2019-10-30 10:28:45,飞利浦（PHILIPS） 电动牙刷成人声波震动牙刷多种清洁模式 两种智能清洁模式- HX6761/03 樱花粉,349.0
2019-10-30 10:58:45,飞利浦（PHILIPS） 电动牙刷成人声波震动牙刷多种清洁模式 两种智能清洁模式- HX6761/03 樱花粉,349.0
2019-10-30 11:28:45,飞利浦（PHILIPS） 电动牙刷成人声波震动牙刷多种清洁模式 两种智能清洁模式- HX6761/03 樱花粉,349.0
2019-10-30 11:58:46,飞利浦（PHILIPS） 电动牙刷成人声波震动牙刷多种清洁模式 两种智能清洁模式- HX6761/03 樱花粉,349.0
2019-10-30 12:28:46,飞利浦（PHILIPS） 电动牙刷成人声波震动牙刷多种清洁模式 两种智能清洁模式- HX6761/03 樱花粉,349.0
2019-10-30 12:58:45,飞利浦（PHILIPS） 电动牙刷成人声波震动牙刷多种清洁模式 两种智能清洁模式- HX6761/03 樱花粉,349.0
2019-10-30 13:28:45,飞利浦（PHILIPS） 电动牙刷成人声波震动牙刷多种清洁模式 两种智能清洁模式- HX6761/03 樱花粉,349.0
2019-10-30 13:58:45,飞利浦（PHILIPS） 电动牙刷成人声波震动牙刷多种清洁模式 两种智能清洁模式- HX6761/03 樱花粉,349.0
2019-10-30 14:28:45,飞利浦（PHILIPS） 电动牙刷成人声波震动牙刷多种清洁模式 两种智能清洁模式- HX6761/03 樱花粉,349.0
2019-10-30 14:58:45,飞利浦（PHILIPS） 电动牙刷成人声波震动牙刷多种清洁模式 两种智能清洁模式- HX6761/03 樱花粉,349.0
2019-10-30 15:28:45,飞利浦（PHILIPS） 电动牙刷成人声波震动牙刷多种清洁模式 两种智能清洁模式- HX6761/03 樱花粉,449.0
2019-10-30 15:58:45,飞利浦（PHILIPS） 电动牙刷成人声波震动牙刷多种清洁模式 两种智能清洁模式- HX6761/03 樱花粉,339.0
2019-10-30 16:28:45,飞利浦（PHILIPS） 电动牙刷成人声波震动牙刷多种清洁模式 两种智能清洁模式- HX6761/03 樱花粉,339.0
2019-10-30 16:58:45,飞利浦（PHILIPS） 电动牙刷成人声波震动牙刷多种清洁模式 两种智能清洁模式- HX6761/03 樱花粉,339.0
2019-10-30 17:28:45,飞利浦（PHILIPS） 电动牙刷成人声波震动牙刷多种清洁模式 两种智能清洁模式- HX6761/03 樱花粉,339.0
2019-10-30 17:58:45,飞利浦（PHILIPS） 电动牙刷成人声波震动牙刷多种清洁模式 两种智能清洁模式- HX6761/03 樱花粉,349.0
2019-10-30 18:28:45,飞利浦（PHILIPS） 电动牙刷成人声波震动牙刷多种清洁模式 两种智能清洁模式- HX6761/03 樱花粉,349.0
2019-10-30 18:58:45,飞利浦（PHILIPS） 电动牙刷成人声波震动牙刷多种清洁模式 两种智能清洁模式- HX6761/03 樱花粉,349.0
2019-10-30 19:28:45,飞利浦（PHILIPS） 电动牙刷成人声波震动牙刷多种清洁模式 两种智能清洁模式- HX6761/03 樱花粉,349.0
2019-10-30 19:58:45,飞利浦（PHILIPS） 电动牙刷成人声波震动牙刷多种清洁模式 两种智能清洁模式- HX6761/03 樱花粉,349.0
2019-10-30 22:58:47,飞利浦（PHILIPS） 电动牙刷成人声波震动牙刷多种清洁模式 两种智能清洁模式- HX6761/03 樱花粉,349.0
2019-10-31 09:28:46,飞利浦（PHILIPS） 电动牙刷成人声波震动牙刷多种清洁模式 两种智能清洁模式- HX6761/03 樱花粉,349.0
2019-10-31 09:58:45,飞利浦（PHILIPS） 电动牙刷成人声波震动牙刷多种清洁模式 两种智能清洁模式- HX6761/03 樱花粉,349.0
2019-10-31 10:28:45,飞利浦（PHILIPS） 电动牙刷成人声波震动牙刷多种清洁模式 两种智能清洁模式- HX6761/03 樱花粉,349.0
2019-10-31 11:28:44,飞利浦（PHILIPS） 电动牙刷成人声波震动牙刷多种清洁模式 两种智能清洁模式- HX6761/03 樱花粉,349.0
2019-10-31 12:28:44,飞利浦（PHILIPS） 电动牙刷成人声波震动牙刷多种清洁模式 两种智能清洁模式- HX6761/03 樱花粉,349.0
2019-10-31 13:28:47,飞利浦（PHILIPS） 电动牙刷成人声波震动牙刷多种清洁模式 两种智能清洁模式- HX6761/03 樱花粉,349.0
2019-10-31 14:28:45,飞利浦（PHILIPS） 电动牙刷成人声波震动牙刷多种清洁模式 两种智能清洁模式- HX6761/03 樱花粉,349.0
2019-10-31 15:28:45,飞利浦（PHILIPS） 电动牙刷成人声波震动牙刷多种清洁模式 两种智能清洁模式- HX6761/03 樱花粉,349.0
2019-10-31 16:28:45,飞利浦（PHILIPS） 电动牙刷成人声波震动牙刷多种清洁模式 两种智能清洁模式- HX6761/03 樱花粉,349.0
2019-10-31 17:28:47,飞利浦（PHILIPS） 电动牙刷成人声波震动牙刷多种清洁模式 两种智能清洁模式- HX6761/03 樱花粉,349.0
2019-10-31 18:28:45,飞利浦（PHILIPS） 电动牙刷成人声波震动牙刷多种清洁模式 两种智能清洁模式- HX6761/03 樱花粉,349.0
2019-10-31 19:28:44,飞利浦（PHILIPS） 电动牙刷成人声波震动牙刷多种清洁模式 两种智能清洁模式- HX6761/03 樱花粉,349.0
2019-10-31 20:28:44,飞利浦（PHILIPS） 电动牙刷成人声波震动牙刷多种清洁模式 两种智能清洁模式- HX6761/03 樱花粉,349.0
2019-10-31 22:28:48,飞利浦（PHILIPS） 电动牙刷成人声波震动牙刷多种清洁模式 两种智能清洁模式- HX6761/03 樱花粉,349.0
2019-11-01 09:28:47,飞利浦（PHILIPS） 电动牙刷成人声波震动牙刷多种清洁模式 两种智能清洁模式- HX6761/03 樱花粉,339.0
2019-11-01 10:28:45,飞利浦（PHILIPS） 电动牙刷成人声波震动牙刷多种清洁模式 两种智能清洁模式- HX6761/03 樱花粉,339.0
2019-11-01 11:28:47,飞利浦（PHILIPS） 电动牙刷成人声波震动牙刷多种清洁模式 两种智能清洁模式- HX6761/03 樱花粉,339.0
2019-11-01 12:28:45,飞利浦（PHILIPS） 电动牙刷成人声波震动牙刷多种清洁模式 两种智能清洁模式- HX6761/03 樱花粉,339.0
2019-11-01 13:28:45,飞利浦（PHILIPS） 电动牙刷成人声波震动牙刷多种清洁模式 两种智能清洁模式- HX6761/03 樱花粉,339.0
2019-11-01 14:28:45,飞利浦（PHILIPS） 电动牙刷成人声波震动牙刷多种清洁模式 两种智能清洁模式- HX6761/03 樱花粉,339.0
2019-11-01 15:28:46,飞利浦（PHILIPS） 电动牙刷成人声波震动牙刷多种清洁模式 两种智能清洁模式- HX6761/03 樱花粉,339.0
2019-11-01 16:28:45,飞利浦（PHILIPS） 电动牙刷成人声波震动牙刷多种清洁模式 两种智能清洁模式- HX6761/03 樱花粉,339.0
2019-11-01 17:28:45,飞利浦（PHILIPS） 电动牙刷成人声波震动牙刷多种清洁模式 两种智能清洁模式- HX6761/03 樱花粉,339.0
2019-11-01 18:28:45,飞利浦（PHILIPS） 电动牙刷成人声波震动牙刷多种清洁模式 两种智能清洁模式- HX6761/03 樱花粉,339.0
2019-11-01 19:28:45,飞利浦（PHILIPS） 电动牙刷成人声波震动牙刷多种清洁模式 两种智能清洁模式- HX6761/03 樱花粉,339.0
2019-11-01 20:28:46,飞利浦（PHILIPS） 电动牙刷成人声波震动牙刷多种清洁模式 两种智能清洁模式- HX6761/03 樱花粉,339.0
2019-11-02 09:28:46,飞利浦（PHILIPS） 电动牙刷成人声波震动牙刷多种清洁模式 两种智能清洁模式- HX6761/03 樱花粉,339.0
2019-11-02 10:28:45,飞利浦（PHILIPS） 电动牙刷成人声波震动牙刷多种清洁模式 两种智能清洁模式- HX6761/03 樱花粉,339.0
2019-11-02 11:28:45,飞利浦（PHILIPS） 电动牙刷成人声波震动牙刷多种清洁模式 两种智能清洁模式- HX6761/03 樱花粉,339.0
2019-11-02 12:28:45,飞利浦（PHILIPS） 电动牙刷成人声波震动牙刷多种清洁模式 两种智能清洁模式- HX6761/03 樱花粉,339.0
2019-11-02 13:28:45,飞利浦（PHILIPS） 电动牙刷成人声波震动牙刷多种清洁模式 两种智能清洁模式- HX6761/03 樱花粉,339.0
2019-11-02 14:28:47,飞利浦（PHILIPS） 电动牙刷成人声波震动牙刷多种清洁模式 两种智能清洁模式- HX6761/03 樱花粉,339.0
2019-11-02 15:28:45,飞利浦（PHILIPS） 电动牙刷成人声波震动牙刷多种清洁模式 两种智能清洁模式- HX6761/03 樱花粉,339.0
2019-11-02 16:28:46,飞利浦（PHILIPS） 电动牙刷成人声波震动牙刷多种清洁模式 两种智能清洁模式- HX6761/03 樱花粉,339.0
2019-11-02 17:28:45,飞利浦（PHILIPS） 电动牙刷成人声波震动牙刷多种清洁模式 两种智能清洁模式- HX6761/03 樱花粉,339.0
2019-11-02 18:28:44,飞利浦（PHILIPS） 电动牙刷成人声波震动牙刷多种清洁模式 两种智能清洁模式- HX6761/03 樱花粉,339.0
2019-11-02 21:28:45,飞利浦（PHILIPS） 电动牙刷成人声波震动牙刷多种清洁模式 两种智能清洁模式- HX6761/03 樱花粉,339.0
2019-11-02 22:28:45,飞利浦（PHILIPS） 电动牙刷成人声波震动牙刷多种清洁模式 两种智能清洁模式- HX6761/03 樱花粉,339.0
2019-11-02 23:28:58,飞利浦（PHILIPS） 电动牙刷成人声波震动牙刷多种清洁模式 两种智能清洁模式- HX6761/03 樱花粉,339.0
2019-11-03 00:28:49,飞利浦（PHILIPS） 电动牙刷成人声波震动牙刷多种清洁模式 两种智能清洁模式- HX6761/03 樱花粉,339.0
2019-11-03 09:28:48,飞利浦（PHILIPS） 电动牙刷成人声波震动牙刷多种清洁模式 两种智能清洁模式- HX6761/03 樱花粉,339.0
2019-11-03 10:28:44,飞利浦（PHILIPS） 电动牙刷成人声波震动牙刷多种清洁模式 两种智能清洁模式- HX6761/03 樱花粉,339.0
2019-11-03 11:28:45,飞利浦（PHILIPS） 电动牙刷成人声波震动牙刷多种清洁模式 两种智能清洁模式- HX6761/03 樱花粉,339.0
2019-11-03 12:28:49,飞利浦（PHILIPS） 电动牙刷成人声波震动牙刷多种清洁模式 两种智能清洁模式- HX6761/03 樱花粉,339.0
2019-11-03 13:28:45,飞利浦（PHILIPS） 电动牙刷成人声波震动牙刷多种清洁模式 两种智能清洁模式- HX6761/03 樱花粉,339.0
2019-11-03 14:28:46,飞利浦（PHILIPS） 电动牙刷成人声波震动牙刷多种清洁模式 两种智能清洁模式- HX6761/03 樱花粉,339.0
2019-11-04 19:28:49,飞利浦（PHILIPS） 电动牙刷成人声波震动牙刷多种清洁模式 两种智能清洁模式- HX6761/03 樱花粉,369.0
2019-11-04 20:28:44,飞利浦（PHILIPS） 电动牙刷成人声波震动牙刷多种清洁模式 两种智能清洁模式- HX6761/03 樱花粉,369.0
2019-11-05 09:28:45,飞利浦（PHILIPS） 电动牙刷成人声波震动牙刷多种清洁模式 两种智能清洁模式- HX6761/03 樱花粉,339.0
2019-11-05 10:28:46,飞利浦（PHILIPS） 电动牙刷成人声波震动牙刷多种清洁模式 两种智能清洁模式- HX6761/03 樱花粉,339.0
2019-11-05 11:28:46,飞利浦（PHILIPS） 电动牙刷成人声波震动牙刷多种清洁模式 两种智能清洁模式- HX6761/03 樱花粉,339.0
2019-11-05 12:28:45,飞利浦（PHILIPS） 电动牙刷成人声波震动牙刷多种清洁模式 两种智能清洁模式- HX6761/03 樱花粉,339.0
2019-11-05 13:28:44,飞利浦（PHILIPS） 电动牙刷成人声波震动牙刷多种清洁模式 两种智能清洁模式- HX6761/03 樱花粉,339.0
2019-11-05 14:28:45,飞利浦（PHILIPS） 电动牙刷成人声波震动牙刷多种清洁模式 两种智能清洁模式- HX6761/03 樱花粉,339.0
2019-11-05 15:28:44,飞利浦（PHILIPS） 电动牙刷成人声波震动牙刷多种清洁模式 两种智能清洁模式- HX6761/03 樱花粉,339.0
2019-11-05 16:28:45,飞利浦（PHILIPS） 电动牙刷成人声波震动牙刷多种清洁模式 两种智能清洁模式- HX6761/03 樱花粉,339.0
