时间,标题,价格
2019-10-25 15:13:38,【三只松鼠_鲜香烤鱿鱼丝88g】休闲零食海味即食特产手撕鱿鱼干,29.9
2019-10-25 15:28:43,【三只松鼠_鲜香烤鱿鱼丝88g】休闲零食海味即食特产手撕鱿鱼干,29.9
2019-10-25 16:28:43,【三只松鼠_鲜香烤鱿鱼丝88g】休闲零食海味即食特产手撕鱿鱼干,29.9
2019-10-25 17:28:43,【三只松鼠_鲜香烤鱿鱼丝88g】休闲零食海味即食特产手撕鱿鱼干,29.9
2019-10-25 18:28:43,【三只松鼠_鲜香烤鱿鱼丝88g】休闲零食海味即食特产手撕鱿鱼干,29.9
2019-10-25 19:28:43,【三只松鼠_鲜香烤鱿鱼丝88g】休闲零食海味即食特产手撕鱿鱼干,29.9
2019-10-25 20:28:43,【三只松鼠_鲜香烤鱿鱼丝88g】休闲零食海味即食特产手撕鱿鱼干,29.9
2019-10-25 21:28:43,【三只松鼠_鲜香烤鱿鱼丝88g】休闲零食海味即食特产手撕鱿鱼干,29.9
2019-10-26 09:28:43,【三只松鼠_鲜香烤鱿鱼丝88g】休闲零食海味即食特产手撕鱿鱼干,29.9
2019-10-26 10:28:43,【三只松鼠_鲜香烤鱿鱼丝88g】休闲零食海味即食特产手撕鱿鱼干,29.9
2019-10-26 11:28:43,【三只松鼠_鲜香烤鱿鱼丝88g】休闲零食海味即食特产手撕鱿鱼干,29.9
2019-10-26 12:28:43,【三只松鼠_鲜香烤鱿鱼丝88g】休闲零食海味即食特产手撕鱿鱼干,29.9
2019-10-26 13:28:43,【三只松鼠_鲜香烤鱿鱼丝88g】休闲零食海味即食特产手撕鱿鱼干,29.9
2019-10-26 14:28:43,【三只松鼠_鲜香烤鱿鱼丝88g】休闲零食海味即食特产手撕鱿鱼干,29.9
2019-10-26 15:28:43,【三只松鼠_鲜香烤鱿鱼丝88g】休闲零食海味即食特产手撕鱿鱼干,29.9
2019-10-26 16:28:43,【三只松鼠_鲜香烤鱿鱼丝88g】休闲零食海味即食特产手撕鱿鱼干,29.9
2019-10-26 17:28:43,【三只松鼠_鲜香烤鱿鱼丝88g】休闲零食海味即食特产手撕鱿鱼干,29.9
2019-10-26 18:28:43,【三只松鼠_鲜香烤鱿鱼丝88g】休闲零食海味即食特产手撕鱿鱼干,29.9
2019-10-26 19:28:43,【三只松鼠_鲜香烤鱿鱼丝88g】休闲零食海味即食特产手撕鱿鱼干,29.9
2019-10-26 22:28:43,【三只松鼠_鲜香烤鱿鱼丝88g】休闲零食海味即食特产手撕鱿鱼干,29.9
2019-10-26 23:28:43,【三只松鼠_鲜香烤鱿鱼丝88g】休闲零食海味即食特产手撕鱿鱼干,29.9
2019-10-27 09:28:46,【三只松鼠_鲜香烤鱿鱼丝88g】休闲零食海味即食特产手撕鱿鱼干,29.9
2019-10-27 10:28:43,【三只松鼠_鲜香烤鱿鱼丝88g】休闲零食海味即食特产手撕鱿鱼干,29.9
2019-10-27 11:28:43,【三只松鼠_鲜香烤鱿鱼丝88g】休闲零食海味即食特产手撕鱿鱼干,29.9
2019-10-28 14:28:43,【三只松鼠_鲜香烤鱿鱼丝88g】休闲零食海味即食特产手撕鱿鱼干,29.9
2019-10-28 15:28:43,【三只松鼠_鲜香烤鱿鱼丝88g】休闲零食海味即食特产手撕鱿鱼干,29.9
2019-10-28 16:28:42,【三只松鼠_鲜香烤鱿鱼丝88g】休闲零食海味即食特产手撕鱿鱼干,29.9
2019-10-28 17:28:42,【三只松鼠_鲜香烤鱿鱼丝88g】休闲零食海味即食特产手撕鱿鱼干,29.9
2019-10-28 18:28:42,【三只松鼠_鲜香烤鱿鱼丝88g】休闲零食海味即食特产手撕鱿鱼干,29.9
2019-10-28 19:28:42,【三只松鼠_鲜香烤鱿鱼丝88g】休闲零食海味即食特产手撕鱿鱼干,29.9
2019-10-28 20:28:42,【三只松鼠_鲜香烤鱿鱼丝88g】休闲零食海味即食特产手撕鱿鱼干,29.9
2019-10-29 09:28:44,【三只松鼠_鲜香烤鱿鱼丝88g】休闲零食海味即食特产手撕鱿鱼干,29.9
2019-10-29 10:22:18,【三只松鼠_鲜香烤鱿鱼丝88g】休闲零食海味即食特产手撕鱿鱼干,29.9
2019-10-29 10:28:43,【三只松鼠_鲜香烤鱿鱼丝88g】休闲零食海味即食特产手撕鱿鱼干,29.9
